"0","library(Biobase)
"
"2","Loading required package: BiocGenerics
"
"2","Loading required package: parallel
"
"2","
Attaching package: ‘BiocGenerics’

"
"2","The following objects are masked from ‘package:parallel’:

    clusterApply, clusterApplyLB, clusterCall, clusterEvalQ, clusterExport,
    clusterMap, parApply, parCapply, parLapply, parLapplyLB, parRapply,
    parSapply, parSapplyLB

"
"2","The following objects are masked from ‘package:stats’:

    IQR, mad, sd, var, xtabs

"
"2","The following objects are masked from ‘package:base’:

    anyDuplicated, append, as.data.frame, basename, cbind, colMeans, colnames,
    colSums, dirname, do.call, duplicated, eval, evalq, Filter, Find, get, grep,
    grepl, intersect, is.unsorted, lapply, lengths, Map, mapply, match, mget,
    order, paste, pmax, pmax.int, pmin, pmin.int, Position, rank, rbind, Reduce,
    rowMeans, rownames, rowSums, sapply, setdiff, sort, table, tapply, union,
    unique, unsplit, which, which.max, which.min

"
"2","Welcome to Bioconductor

    Vignettes contain introductory material; view with 'browseVignettes()'. To
    cite Bioconductor, see 'citation(""Biobase"")', and for packages
    'citation(""pkgname"")'.

"
"0","library(peco)"
"2","replacing previous import ‘circular::sd’ by ‘stats::sd’ when loading ‘peco’"
"2","replacing previous import ‘circular::var’ by ‘stats::var’ when loading ‘peco’"
"0","library(Biobase)"
